filename,silence_duration,silence_energy,silence_zcr,non_silence_duration,non_silence_energy,non_silence_zcr,positive_mean,positive_std,negative_mean,negative_std
00155.wav,0.7131519274376418,3.1576694482937455,0.11154213036565978,0.27369614512471657,571.0101580424234,0.05368682684341342,0.0672942916062364,0.14113629799483737,-0.0700887256118214,0.15462173317127798
00213.wav,0.7993650793650794,2.3927703592926264,0.10717122432769773,0.3035827664399093,577.6166184647009,0.13101284732596355,0.06725280953780355,0.1334805779537742,-0.06721336063377079,0.14588091187076463
00596.wav,1.193968253968254,0.7006116481497884,0.7158430508603335,0.31532879818594106,114.31195993348956,0.17934704444124838,0.05083652554229648,0.06777669468300412,-0.019603479626201622,0.06334471147577803
00738.wav,0.7159637188208616,0.131336216814816,0.008868055995439286,0.24766439909297053,73.76283377688378,0.09979857169016663,0.053215283613938555,0.06250811112889726,-0.04777520264199177,0.08730615878472175
00874.wav,0.8608163265306122,0.01891100313514471,0.6904799536378484,0.48594104308390024,27.922418909147382,0.0762482501166589,0.030243481789683092,0.03045284325214055,-0.014089162703980175,0.029558409124937447
01104.wav,0.779750566893424,0.4794485019519925,0.07758746037746823,0.21224489795918366,176.68443950265646,0.04797008547008547,0.02282390727559325,0.05609403548978362,-0.023400772773037617,0.06304315405045986
01496.wav,0.6077551020408163,6.553331612609327,0.1786433848220282,0.4951927437641723,902.8596203159541,0.12894953750343438,0.0965914601157603,0.1505170288884683,-0.10180354069789413,0.18188378165089625
01948.wav,0.7945124716553288,10.415838649496436,0.20674696044294766,0.4129251700680272,711.3270331863314,0.12235035694673256,0.07439803848449561,0.14575741698167144,-0.07528203506400094,0.1484817879682846
01971.wav,0.9824036281179138,0.15424595680087805,0.648970547502539,0.37596371882086166,49.31312242522836,0.06972255729794934,0.0328646481692136,0.04127166707030273,-0.016738368449168834,0.04194123391840402
02270.wav,1.2303854875283446,0.9018442323431373,0.5385551050497605,0.3021315192743764,72.68976327311248,0.10192134494145902,0.027520130720502307,0.05054832409496056,-0.017156694215615324,0.048900734139226514
02486.wav,1.1304308390022675,0.2492932341992855,0.5430474203642782,0.4485260770975057,118.33807000610977,0.12467138523761376,0.054028366708166485,0.062079402174502904,-0.02853454314457741,0.06407263007823383
02576.wav,0.6684807256235827,0.1373661970719695,0.08612618724559024,0.30551020408163265,132.71628210507333,0.09411415423439472,0.02401053377973263,0.04782501621752922,-0.024709430617174104,0.052637152681065696
02686.wav,0.5894784580498866,0.28905504662543535,0.6274042160332359,0.3160997732426304,212.7799525661394,0.04992826398852224,0.08489156390897078,0.09752495894063117,-0.044069658924409394,0.1068115494805218
02794.wav,0.6011337868480726,5.5453028893098235,0.13949453036589965,0.5366439909297052,486.00811255630106,0.19310403109946758,0.06892173011680197,0.11998509686371922,-0.06962406151665033,0.12424398459254096
02942.wav,0.8,1.7486581886187196,0.3209183673469388,0.5212698412698412,184.12654426973313,0.11318949016878371,0.049127013714143304,0.07178944176759419,-0.03783255813355276,0.07844444838763144
03306.wav,1.0196371882086168,0.601442052051425,0.6198905839967975,0.5360997732426304,98.50163964740932,0.13298367312410117,0.044738404577375844,0.04970159654882518,-0.02543474069671487,0.05518061353506619
03474.wav,0.9628117913832199,4.05230241175741,0.09731512011304758,0.3251700680272109,401.93674977496266,0.040446304044630406,0.032442822459034217,0.07403541925777868,-0.03323148209012226,0.08235944613245837
03686.wav,0.3304761904761905,0.8380239484831691,0.017839989021545218,0.5054421768707483,337.0731390668079,0.1452669358456707,0.10243467959153081,0.10466602054488729,-0.09917115247662478,0.12565805962873705
03939.wav,0.963718820861678,0.367444702424109,0.6819764705882353,0.4991383219954649,89.00847741961479,0.12384154097764856,0.041558655552894064,0.04611888622020927,-0.02420524196460286,0.05487139046197776
04438.wav,0.7482086167800454,0.9778779558837414,0.3154321735967996,0.36634920634920637,110.56317562889308,0.10064372369398365,0.039551516971072634,0.06286760574400968,-0.03447845516456274,0.06715028789992014
04483.wav,0.6537868480725624,0.3137562843039632,0.17660932297447282,0.5652607709750567,133.62731248605996,0.11705712451861361,0.044637341523074144,0.06153857110287212,-0.0421851531605996,0.06817461419452478
04796.wav,0.7656235827664399,0.08620325289666653,0.48631678711053195,0.3721541950113379,77.0381769053638,0.10796977821106507,0.041591745389088774,0.055712652215497184,-0.023861243137194874,0.054383252234167144
04815.wav,0.7869387755102041,1.1602489175274968,0.26446519133241125,0.2927891156462585,205.79528841003776,0.0766728624535316,0.07224631124160866,0.08698449042826266,-0.05987634057035058,0.11428779877675685
05084.wav,0.7986848072562358,0.3505210969597101,0.34279711543921415,0.49002267573696145,167.5743387043476,0.14086071263304026,0.041752005406710146,0.06292304172483043,-0.03628306160103455,0.07860276832681377
05340.wav,0.47020408163265304,3.1791972732171416,0.13503086419753085,0.5282539682539683,857.7277757199481,0.04000686813186813,0.10941290077911581,0.13484709544424814,-0.1261153400873606,0.18490769889707281
05536.wav,1.219954648526077,0.05307145230472088,0.5486617100371747,0.38222222222222224,72.2777184471488,0.07036070242050309,0.040856676749760096,0.04677391989604191,-0.017017582078811173,0.048805378918469075
05611.wav,1.29297052154195,0.6637013806030154,0.5281655559452824,0.33242630385487526,46.77536621782929,0.21623465211459755,0.022971607010830224,0.03741024651679032,-0.014686330007130642,0.04138659627572792
05726.wav,1.1970521541950114,0.629177363589406,0.5726084485698049,0.39351473922902497,220.18469924665987,0.061081018785294455,0.0764453350431579,0.09157238848301492,-0.030436958561830433,0.07864031318205793
05748.wav,0.9514285714285714,1.002670668065548,0.5712379045712379,0.45337868480725624,101.23311446141452,0.1363409022706812,0.04504181059926545,0.05714687444733115,-0.026383562080916426,0.05587518482376381
06048.wav,1.0550566893424036,1.469482896849513,0.4888239339752407,0.44263038548752837,179.72548469062895,0.1201844262295082,0.0524139119586729,0.07077055304155459,-0.030440480164488092,0.07820441785668596
06233.wav,0.7307936507936508,1.3024314483627677,0.09345910388482065,0.3651927437641723,1260.9983604764566,0.02502328469419435,0.07139536915743168,0.12983642491057162,-0.07599169623424856,0.15864317630613575
06558.wav,0.5856689342403628,0.4404157791286707,0.1672603376180889,0.48244897959183675,165.457486608997,0.23068245910885504,0.05676577556605019,0.07471016822791804,-0.05081872698206738,0.07771602006906606
06598.wav,0.7294784580498866,1.3180788652971387,0.45626359962698165,0.3386394557823129,222.63864484708756,0.08370162046337216,0.06197631996575547,0.09176837001950429,-0.048851778643375414,0.09527267695391854
06742.wav,0.6362358276643991,4.278655482456088,0.21997291325112267,0.43188208616780044,581.8121734419838,0.27197311771500576,0.07714202802602702,0.12460338157549022,-0.08149707301635152,0.14850140407454918
06948.wav,0.8000680272108843,3.9339303905144334,0.10959952385001276,0.2789342403628118,358.78234457504004,0.0517031135680026,0.034017067769900815,0.07337710468615458,-0.03532518870898109,0.08720542535182933
06966.wav,0.6515419501133787,1.4741756608709693,0.09769254863745519,0.4794557823129252,434.35919216647744,0.06611804767309876,0.04363692193467465,0.06851599875573398,-0.048181335195402006,0.09427067792438275
07101.wav,0.7493877551020408,4.197659607976675,0.2093923989348826,0.2490702947845805,413.7559055220336,0.1842680262199563,0.05569694695299608,0.12178151580581544,-0.05525270013340326,0.13125636235218288
07134.wav,0.5769160997732427,3.7940271385014057,0.0906375284961874,0.5260317460317461,556.8636028785259,0.13561513923614105,0.08308755907479601,0.1142288788436603,-0.08832295952575293,0.1370084223956558
07258.wav,0.7158730158730159,2.596009975299239,0.18200823566677224,0.3870748299319728,474.253352384083,0.26162858816637374,0.06302749769355796,0.12219848512168077,-0.06362802761950057,0.12832818484063044
07963.wav,0.7848526077097505,1.042397097684443,0.07780538541546285,0.5551473922902495,1029.4632414737716,0.07164447349072788,0.06752879013452259,0.11664955568175009,-0.06532572251744724,0.11270331711619921
08386.wav,0.6258956916099774,2.9866719944402575,0.13049779001521628,0.4306122448979592,574.6840581391007,0.13080568720379146,0.07804610615587025,0.13141601506173176,-0.07823227607673448,0.14308837669717542
08973.wav,1.0020861678004536,0.24381147883832455,0.6727914554670529,0.4491609977324263,145.15473923180252,0.09541599353796446,0.04892859402508803,0.06216719692584929,-0.029612975159522947,0.07241394407746347
09249.wav,0.7188208616780045,0.4799056835472584,0.5792429022082018,0.38412698412698415,101.63185164052993,0.049822904368358914,0.05266324102076556,0.0628710574065653,-0.03070138523788669,0.06271535310701859
09422.wav,0.659546485260771,5.304532170295715,0.09853537784501135,0.3621315192743764,560.3970706192777,0.0593613024420789,0.07861238287830843,0.13068155696911424,-0.07953804624288362,0.14513451309262354
09445.wav,0.8570068027210884,0.8231627540662885,0.5266444409165476,0.4084807256235828,166.3763032592833,0.05096036416120795,0.06045284710721486,0.07401433602491407,-0.035998321686365374,0.07985233609498193
09691.wav,0.7053741496598639,1.4874776815995574,0.1198444080110586,0.3556235827664399,191.02574772480875,0.13307402920359626,0.02791151456174407,0.054607812096064384,-0.028358683925033764,0.061051451232420104
09945.wav,1.178140589569161,1.9843940259888768,0.5590884594657017,0.331156462585034,130.86880554258823,0.08805806628321008,0.03784850551848435,0.06528183169543757,-0.024700216199491736,0.06328754645845495
10192.wav,0.7071655328798186,3.5375536177307367,0.09574809209260565,0.30290249433106575,876.993502064608,0.04851025602635125,0.08582603015742928,0.16895984997607455,-0.08786981437324809,0.1903927575607816
10624.wav,0.5774149659863945,0.5271158376708627,0.07944549167452089,0.4835827664399093,473.38317824713886,0.1012379255369033,0.04690509099785091,0.08222323030919955,-0.05046638797977272,0.09467520093056386
11112.wav,1.0792290249433107,0.8786530308425426,0.09093583224776232,0.20877551020408164,333.46630804706365,0.026501574888671664,0.024004924815743706,0.06741420309797692,-0.024358586222520066,0.07859434532323938
11480.wav,1.1249433106575963,1.3737635938450694,0.5404555533158637,0.30308390022675735,68.61426838394254,0.15771360167589407,0.026946692123146692,0.05045635317947747,-0.017225194669590858,0.048384034280735566
11484.wav,0.5300680272108843,8.227525013498962,0.1163586584531143,0.5032199546485261,626.7066880026832,0.10949891852919971,0.08432626757658522,0.1416808225250928,-0.08512591004170687,0.14680913442609844
12139.wav,0.7942857142857143,0.08926676027476788,0.019755624072170835,0.3267120181405896,49.63580537121743,0.05274847307051638,0.03998869913487347,0.04576687413236761,-0.0360716645814526,0.06093756931226044
12337.wav,0.7857142857142857,0.45912665873765945,0.2621067821067821,0.4913832199546485,121.62523286882788,0.12856483617904937,0.0510643789027911,0.061224876186539566,-0.040341589779229074,0.06885784633306512
12476.wav,0.7341950113378685,0.447424222715199,0.3939712150225462,0.33392290249433104,180.12225714791566,0.15591470867852777,0.08143569635338485,0.08852108449244867,-0.05355593705131546,0.09620015748471458
12554.wav,0.5845351473922903,2.2367809554561973,0.09511986965629607,0.4603628117913832,1027.7159782154486,0.04502019505467442,0.11650905244584128,0.17521255816050105,-0.11573442100522241,0.1799503318783681
12617.wav,0.9765532879818594,1.0731304716318846,0.6859703710583755,0.4398639455782313,250.4886877760291,0.135271677492525,0.07008971289975613,0.09214190800377119,-0.03883955315038311,0.08813497396434553
12849.wav,0.8389795918367347,2.3411831725388765,0.10302981161653017,0.37900226757369615,385.3467449462041,0.053368433648438435,0.035082124867632014,0.06770393058535339,-0.03684226112703047,0.08626903972692397
12926.wav,0.7721995464852608,2.011009772308171,0.11434780055206437,0.34235827664399093,801.8944256221876,0.10067558617035369,0.08138438758787458,0.15860875019090143,-0.08118925603533077,0.16606305426675383
13011.wav,0.22308390022675736,1.7226854050531983,0.09920715592600123,0.5547845804988663,1026.9487957945094,0.15507234529551214,0.16408308187535262,0.18931469790433175,-0.15790186145958748,0.18008473019683935
13408.wav,0.6691609977324263,5.308038125745952,0.2462893934259573,0.2944671201814059,353.1425519026816,0.08439858308948098,0.05779318377599425,0.10013484638233273,-0.06207370870651011,0.13025657014411013
13804.wav,0.9573015873015873,4.687943561933935,0.08281024231944477,0.347687074829932,1075.5643951958045,0.05947955390334572,0.055298573946165,0.1142268174829854,-0.05770145723439842,0.13573154850540795
13983.wav,0.8061224489795918,0.20024194568395615,0.3662447257383966,0.3084353741496599,140.1619510911405,0.060873400970445524,0.060146555325824795,0.07018447173336836,-0.03786324611131934,0.08496143797420351
14070.wav,0.45868480725623584,0.646597751416266,0.16323907455012854,0.5165532879818594,946.7317725662142,0.047058823529411764,0.11544119536692143,0.1590235780057243,-0.12138036474969886,0.18826797253045321
14107.wav,0.48839002267573695,0.7985301958397031,0.15693193425573404,0.6261678004535147,1120.4729360984638,0.09676251176939234,0.11812835294531004,0.16494374906040235,-0.12698098155310086,0.18624302407357135
14760.wav,0.6583673469387755,0.9686728399246931,0.2614865330302404,0.3400907029478458,71.24447084031999,0.1597546339511935,0.032981356199375846,0.052106485076386294,-0.029372211211035573,0.060284966149949076
15078.wav,0.435827664399093,0.9673212701454759,0.2428720083246618,0.33043083900226755,574.6834470946342,0.04639033763381828,0.09166800780328388,0.1497347011769839,-0.09309872082823538,0.17021018678956046
15276.wav,0.4503854875283447,2.9338030852377415,0.2068271070385661,0.5945124716553288,525.0838800827041,0.11267068426272027,0.08251996750868494,0.1122556554970384,-0.08838442650394163,0.13822804080311585
15425.wav,0.6039455782312925,2.600771054625511,0.18134715025906736,0.42934240362811793,495.69320414494723,0.2650258793704447,0.07208782682036022,0.11824826663107854,-0.07349464962042256,0.13916617105111923
16504.wav,0.8397278911564626,2.4630200611427426,0.10096673147548066,0.37927437641723355,292.22502521052957,0.07539160588305632,0.030479716145715048,0.05832650533865359,-0.032457946231733245,0.07574944897102336
16895.wav,0.737687074829932,0.5010200021788478,0.08105864994466987,0.44630385487528346,350.31835407577455,0.08815161060867797,0.03779638694210042,0.07026778684670179,-0.038652154576708696,0.07531338908076479
16990.wav,1.1682993197278913,0.2516343267634511,0.5368580412251077,0.4454875283446712,61.52137674577534,0.047541484271607454,0.029469497501074107,0.03851960585568999,-0.01697641990187354,0.04537350225655479
17024.wav,1.011609977324263,12.327040845528245,0.08822738276696852,0.3453968253968254,794.1064932327718,0.11613707983193278,0.04588169105683144,0.10295769142839258,-0.04623089858026844,0.11074549477071556
17200.wav,1.1361904761904762,11.0641073808074,0.10739232826408016,0.39580498866213154,504.56551508046687,0.13136637066743054,0.03657981545870276,0.07512165251560096,-0.038263559508121464,0.08321362721666235
17532.wav,0.6319727891156462,7.181797216646373,0.19024040186580551,0.4477551020408163,739.8155386121944,0.12427833485262837,0.08227222519278403,0.12701757560824198,-0.09344916574694674,0.18088739306019458
17725.wav,0.8043990929705216,0.349492016248405,0.555167164683994,0.29854875283446713,194.27879905886948,0.12015798268266747,0.07217851435156887,0.09091435487685327,-0.04243539227364473,0.09444639780488719
17726.wav,1.0556462585034014,0.1073392303660512,0.6857412896850968,0.44204081632653064,98.86208377406001,0.05355493998153278,0.05490720792174547,0.055580565028073854,-0.02420544951013054,0.05535000735797473
17750.wav,0.48612244897959184,5.606625407934189,0.17436328015673103,0.5819954648526077,1367.2059242464602,0.16106911867840723,0.13529491463719384,0.18592250487680176,-0.14543010615308552,0.20793569417001634
18023.wav,0.8362358276643991,4.116669962182641,0.13856499810184933,0.41537414965986397,688.3649898385629,0.08144993994977617,0.07291885603316538,0.1392115348570108,-0.07100596096809247,0.14412859057763555
18077.wav,0.6009977324263038,0.23807973880320787,0.08881678237247208,0.43229024943310657,95.11222168058157,0.12054133445237096,0.04470926854129246,0.055374827549366575,-0.04160396224250919,0.07170012089470351
18123.wav,0.8274603174603175,2.4916386334225535,0.09221451864843386,0.4775510204081633,511.6371904462576,0.09928774928774929,0.041142790602190775,0.07641077238016263,-0.04149844971303569,0.09347442685305109
18673.wav,0.6165532879818594,0.21296126302331686,0.4050018389113645,0.3470748299319728,136.5239140233025,0.052528420227361816,0.07453778090692531,0.07765803064290296,-0.04280336486330347,0.08411312377823094
18734.wav,0.8797732426303855,1.9589287228882313,0.1005464199185525,0.3212244897959184,238.31047815736383,0.0770859805167302,0.02585447187169037,0.057053333012733846,-0.026180060162757923,0.06740903638759652
18904.wav,1.1929251700680272,0.07127530965954065,0.7243765206812652,0.39764172335600906,98.70139485131949,0.07128193430656934,0.051596879509716635,0.05972822110564068,-0.02109061733394392,0.053457767785293195
19083.wav,0.5625396825396826,5.425644780509174,0.1664785553047404,0.505578231292517,386.7036079587415,0.23833871546465735,0.06762624763277122,0.1040371998575997,-0.07198852829424444,0.11372833959570261
19162.wav,0.8361451247165533,9.413002094253898,0.22628410261973206,0.42934240362811793,714.0174134885892,0.10689764444913911,0.07145910824046416,0.13567308173462847,-0.07567668197738067,0.15160498777126014
19420.wav,0.5573242630385488,3.936040769331157,0.1183171942387501,0.5107936507936508,621.6153873708099,0.1349551629228447,0.08699188156166057,0.12843282618720064,-0.0913442764168664,0.14537249234682512
19592.wav,0.6700680272108843,0.3293431382626295,0.11038917089678511,0.30517006802721086,422.26283444464207,0.07148164660425026,0.06230242476929359,0.11814519679725219,-0.06275492720795538,0.13326232687409642
19851.wav,0.8273242630385488,3.251972702331841,0.06764423735781828,0.28668934240362814,450.71872171293944,0.07308391995570672,0.03405544417649478,0.08377842581240859,-0.03649309831002574,0.09570921695211237
20332.wav,0.36235827664399095,2.456834927201271,0.19586983729662077,0.7057596371882087,1372.4978905897588,0.20749261020434392,0.1484555676598604,0.19451019946980996,-0.14679889110368766,0.18879389549781672
20608.wav,1.133560090702948,0.06186594907194376,0.7430286057211443,0.340907029478458,84.87683578580618,0.05547425834774511,0.05338953567026687,0.05428633464531336,-0.019409950861354254,0.054849980940032815
21105.wav,0.7743310657596372,2.287092413753271,0.1681504041232283,0.2473469387755102,506.4615262616426,0.05647231389805647,0.0587417197485633,0.1256220800840082,-0.06109776576998636,0.1503667276476589
21128.wav,0.7999773242630386,0.2655119299888611,0.08225856741971144,0.5230385487528345,158.67239298578352,0.12043700684990896,0.02494058962711222,0.04504432537409882,-0.02475448519165753,0.047155849948588936
21271.wav,0.7719954648526077,1.44287817645818,0.07307974739315612,0.42099773242630384,517.9406110327691,0.07346762899924593,0.04427216236695883,0.08247519362573372,-0.04602800415177178,0.09486958602347027
21304.wav,0.8763492063492063,1.3941748207435012,0.06968199342769167,0.4116326530612245,305.51742077991366,0.06665564920398832,0.02856886325890504,0.05994786748865481,-0.02996780077500953,0.07491892254589894
21449.wav,0.5494331065759637,3.0950959185138345,0.15336359884440776,0.41419501133786846,834.222469298169,0.18132048614912952,0.09512880705727962,0.16431188545107833,-0.09943355814960851,0.18303603355886455
21528.wav,0.8816780045351474,0.2075697612017393,0.47548994393292526,0.5695691609977325,93.13866815622896,0.11266820606736205,0.040322416245356235,0.04860876452707168,-0.025822941668954085,0.05514492750043002
21567.wav,0.8624943310657597,0.009360181167721748,0.058102849931643705,0.4494331065759637,15.389853595755994,0.038042381432896066,0.02094591819213801,0.02165232474736027,-0.019843348985505216,0.026820007607781835
21688.wav,0.8442630385487528,0.6317629367113113,0.3575418994413408,0.35156462585034015,202.37930941116065,0.04966460268317854,0.052621910720210524,0.08878270025375377,-0.039787789984446285,0.07960276866339895
21857.wav,0.9020408163265307,0.12110810168087482,0.5984414278531925,0.5492063492063493,67.83529619686306,0.15020644095788604,0.04052811994150318,0.04619807390460757,-0.02296575776464206,0.04589697795757961
22716.wav,1.0549206349206348,0.16365533135831356,0.6479085164008426,0.2802267573696145,98.170889175497,0.11992231752710794,0.054903768842287225,0.06912680187825053,-0.019833290022338454,0.0601151311298244
22880.wav,0.48916099773242633,2.300035481341183,0.11848692749860931,0.5673469387755102,1025.704980475828,0.04948041566746603,0.11980088666957665,0.17143045546169614,-0.11995446142320312,0.175161499678457
23176.wav,0.9356916099773243,2.6949135586619377,0.07941547111283444,0.3353061224489796,242.62151153665036,0.03219043754649354,0.027003055492914485,0.0567006832541951,-0.02849202080149191,0.06394147531224022
23312.wav,0.7703401360544218,2.613102219067514,0.18150241375250206,0.35582766439909297,732.2143875351176,0.09775681876115218,0.07225250441587477,0.13949936315222392,-0.07628097088016264,0.1715758208590532
23337.wav,0.9738321995464853,0.3948562862351537,0.5542774647231407,0.40775510204081633,147.14356057252735,0.07296185073962852,0.05026074506829784,0.07056927430791303,-0.02914358036519679,0.06777212310463757
23375.wav,0.6093877551020408,2.591465829871595,0.18151373074346952,0.4587301587301587,790.6651264950633,0.1045971329708354,0.09201817497854921,0.1391492549763178,-0.09650807614967652,0.1753614473920925
23560.wav,1.0902947845804989,0.28724052384495735,0.658292084355892,0.3493424036281179,54.18720285128802,0.133065039594963,0.030919101659165126,0.043941544130568735,-0.016569922064801706,0.04280380755489605
23590.wav,0.5863492063492064,6.053107035346329,0.12506767731456417,0.5630385487528344,798.2943258238956,0.12347966169955699,0.09119119238221006,0.14147517744552912,-0.09647209722934266,0.1623475295900861
23639.wav,0.6867573696145125,5.370840176939964,0.13200818860199431,0.46263038548752833,796.6946681533009,0.055876874816194494,0.08452501793963585,0.14873237599582126,-0.08929204044924746,0.1631697158757517
23653.wav,0.7720634920634921,0.4332068171352148,0.25610902255639095,0.28444444444444444,173.2722920011729,0.04862882653061224,0.06689050628382598,0.08843918017335055,-0.0535494169404879,0.10222577391328119
23772.wav,0.5797732426303854,5.142725247889757,0.1142052565707134,0.43029478458049886,601.3894205382094,0.1316399662731872,0.08080394109728914,0.1460460297711042,-0.07889424448962201,0.14406171708997198
24312.wav,0.7162358276643991,2.19729161914438,0.10650288102323814,0.3634920634920635,681.6974918385968,0.06986899563318777,0.07743757769993928,0.14602116610257,-0.0768040766544757,0.15688104407676917
24413.wav,1.0258503401360544,0.14399725012481213,0.45738284703801946,0.4253968253968254,98.12773972004652,0.15906183368869936,0.046958867971103484,0.05840432564465685,-0.02287121244640776,0.057360288037116854
24473.wav,0.6385487528344671,1.1057480061426759,0.12102272727272727,0.47600907029478456,154.04549951758236,0.22818216463414634,0.053263257811870364,0.07128711998209615,-0.05280456868316065,0.076785198929113
25202.wav,0.6067120181405896,0.9182551503181458,0.16400059799671102,0.44979591836734695,72.52975025214255,0.18481548699334543,0.0347500724588486,0.04509839002798804,-0.03547950075617927,0.05880551137790462
25219.wav,0.8138548752834467,0.8895446136593819,0.10395363740213424,0.28215419501133787,188.5729714119807,0.0618821827533553,0.023111529174470572,0.048025649680768494,-0.024855906197242542,0.06729588587112295
25382.wav,0.6066213151927438,4.026014696806669,0.12604665071770335,0.3221768707482993,603.2203357964754,0.15005630630630631,0.08073607362246943,0.14415090995295707,-0.08387044780478926,0.15954853613474448
25738.wav,0.8473922902494331,1.7900046091526747,0.06475782713406476,0.35360544217687073,526.137510872446,0.0783634731306913,0.04216770170696277,0.0866725290673837,-0.04364478405370984,0.09413922675793665
25859.wav,0.9340362811791383,0.6370275476947427,0.0976426889369037,0.2499546485260771,278.9616160336882,0.0409144516011975,0.02569631846705365,0.06505871615859811,-0.025820347728503897,0.07244252058472576
26159.wav,0.8929705215419501,0.25716368574649096,0.08115794819705434,0.23802721088435375,291.8560387128964,0.023244736591407068,0.02700585123043735,0.07060431723804574,-0.02740210524814076,0.07326458015505431
26213.wav,1.1006122448979592,1.7500147307291627,0.09619465562354493,0.22138321995464852,332.25130536500365,0.045272969374167776,0.023996134296853638,0.06321287590673005,-0.02462365635735371,0.08011048350246179
26226.wav,0.6542403628117914,0.6926251109689474,0.1427977263274643,0.5880272108843537,326.32244026474655,0.1340428813820762,0.06442246801536754,0.08644211065234757,-0.0658509127028038,0.10528045211154027
26452.wav,1.1911791383219954,0.6428006738424301,0.19891111914869317,0.3408390022675737,107.18658117298037,0.04370966668884306,0.01491786769858766,0.035167516349384004,-0.015161570637171901,0.03994433140408467
26692.wav,0.7327437641723356,0.5228108651936054,0.5516494398712632,0.5791836734693877,122.81849191244692,0.1306084096781771,0.043070334230821156,0.054485209660815735,-0.031905307759849406,0.06769122186007503
26848.wav,0.9680272108843537,0.5058482447639108,0.0827594284375732,0.19798185941043084,186.06448878347874,0.02050166074905509,0.01861769889233056,0.05185602406933741,-0.01959518678319469,0.06284986723718636
26995.wav,0.9316553287981859,0.27285081427544355,0.6512193934673611,0.4847619047619048,90.8310595471412,0.13256618954064928,0.042584589379406276,0.04939359412895647,-0.025555455624659912,0.054720904360736546
27293.wav,0.5702494331065759,2.5116726383566856,0.0915380944806744,0.46303854875283446,334.89304814394563,0.15504407443682663,0.06066926107729016,0.10210534392546167,-0.05909058020866194,0.11003767043258535
27511.wav,0.6244444444444445,3.6452245051041245,0.12128694894327838,0.4436734693877551,566.3404542468488,0.06623735050597976,0.08320225760263215,0.13076881056607445,-0.08063470933393531,0.1348275303930478
27513.wav,0.5044897959183674,1.164526796899736,0.11353829557713054,0.5287981859410431,442.67633826006204,0.18387650085763294,0.07000396720839534,0.10470524371778578,-0.07764072458994724,0.1328284129971665
27874.wav,1.2575963718820862,0.03132167551666498,0.5461593941579517,0.34458049886621317,37.51011818833649,0.03606212161095025,0.024729996958822102,0.03149104114139788,-0.012398291523521565,0.03589965108124683
28167.wav,1.1394557823129252,0.2822460662573576,0.718089552238806,0.3930612244897959,104.42233212385327,0.04395984769816545,0.04389890472148862,0.0555377392650505,-0.02236223132887023,0.06007603239755194
28171.wav,0.8526757369614513,0.48749345541000366,0.10057708161582853,0.31333333333333335,77.60316365584731,0.1255608626429295,0.015527695501102461,0.0339465318096087,-0.016155417592259046,0.03761483877282663
28513.wav,0.8376643990929705,4.358863246627152,0.08814054844211039,0.4843310657596372,1488.3735773134977,0.02991713095182359,0.07396754202810953,0.12938653045333182,-0.0788954680666503,0.15289124523052247
28554.wav,1.2565079365079366,0.1674750903621316,0.1590991121056811,0.26439909297052155,130.73097114637494,0.1078902229845626,0.06103291416562441,0.07642150379047395,-0.031169813805080073,0.08184949624136047
28585.wav,0.8665306122448979,0.42125164717435837,0.5587481027895536,0.340907029478458,165.8932884549722,0.15950512172409206,0.04686327970222827,0.07326547265400715,-0.03285393435378268,0.08133050519662124
28687.wav,0.8789569160997732,1.3938459223136306,0.18203395077653373,0.3633106575963719,71.3906538579613,0.22057171389339658,0.031330297276927904,0.05194336945578787,-0.02845033805746042,0.054686276472879616
28783.wav,0.683718820861678,11.160774462856352,0.2292385248076413,0.3379591836734694,592.8833369202912,0.07434245840042941,0.07761088529011799,0.13707495571679046,-0.0804233322392972,0.1505017239703018
29334.wav,0.6008163265306122,6.527323616668582,0.20380434782608695,0.47891156462585033,955.8982883458957,0.11837121212121213,0.1005733056544554,0.15808407532228927,-0.1065386872189211,0.187280841238886
29695.wav,0.5373242630385487,3.965756980702281,0.1785955435516543,0.5307936507936508,577.8866186952218,0.13063909774436092,0.08425692478200379,0.127023800779292,-0.08445950459598119,0.13881398691102934
30053.wav,0.9584126984126984,3.1819551456719637,0.09880282023375762,0.3465759637188209,579.728460050188,0.054632295210677834,0.04041827404813001,0.08366007094926149,-0.04154470800913068,0.10053568157735077
30235.wav,0.8039455782312925,0.04548944905400276,0.6435381057144469,0.6124716553287982,21.372942050918937,0.061532765642354686,0.021640846946022727,0.02059936482281369,-0.013679770030762027,0.02750462085965358
30720.wav,1.0829931972789115,0.10627651493996382,0.7347989949748743,0.46113378684807255,90.58799976669252,0.15411093627065303,0.049143924126887506,0.05235481393552743,-0.02123100064875393,0.05400847893291816
30817.wav,0.847687074829932,1.3387996284291148,0.09892196987935693,0.40532879818594103,335.753989093937,0.10752447552447553,0.030953720571748878,0.06475890123016514,-0.03191616797351936,0.07835844786460597
30937.wav,0.7220408163265306,0.1818444300442934,0.0803655549274543,0.39197278911564626,153.38356194552034,0.022503760268425314,0.02566828810443669,0.0447452572428875,-0.027224832628520018,0.05414191900313177
31002.wav,0.6624036281179139,4.258249022066593,0.14329727509242776,0.48698412698412696,530.8374813199043,0.1376420189979512,0.07154066351587311,0.12565737157153498,-0.07110566377942716,0.12855371556117637
31314.wav,0.5761904761904761,1.7988898381590843,0.17378984651711923,0.45709750566893426,538.7193226683885,0.14932036908423454,0.07658298566134618,0.11580007331682461,-0.08192888953881787,0.1484672967008088
32052.wav,0.6362358276643991,4.3785974103957415,0.1473376577090313,0.4434920634920635,806.9022290538996,0.08712547295224461,0.09099222895438111,0.1484880086430949,-0.09287084598661628,0.17198506605178732
32069.wav,1.0726530612244898,0.6425708718597889,0.3508794182310164,0.4946938775510204,172.01075759716332,0.23588192152548587,0.05364446387834075,0.07071673350649184,-0.04054467999335443,0.07633401931552261
32072.wav,0.9597052154195012,2.9384402595460415,0.10462396332963164,0.4332879818594104,474.01170814037323,0.0711743772241993,0.03675509329637784,0.07272876997192225,-0.038508113230109386,0.08711963402489475
32166.wav,0.7159183673469388,6.261363507248461,0.17762574433041936,0.3638095238095238,665.5668620355427,0.09773123909249563,0.07682519582756461,0.14685405917720645,-0.07686489338724847,0.1528799797243465
32181.wav,0.9215419501133787,0.5636999532580376,0.08100393700787402,0.43546485260770973,337.3792574023828,0.10039575088523224,0.03060097556804044,0.06413113740249025,-0.03207360844894239,0.0730195348271759
32282.wav,0.9559637188208617,2.4379994869232178,0.07766023056122207,0.4710204081632653,1179.4833163553849,0.07360870402464857,0.062495792428557156,0.11513248252738596,-0.06261664946552974,0.1294710808000837
32444.wav,0.4610884353741497,0.403681923635304,0.11547162388118422,0.5489795918367347,459.01803519856185,0.12226352746798844,0.0757596945795702,0.10531928919584645,-0.08206468138879834,0.13488027699204774
32588.wav,0.6900226757369614,0.5299880858510733,0.20243181071311206,0.5754648526077097,105.82126303669065,0.20813302860745528,0.04243680423505999,0.05760021587429398,-0.039528606255190175,0.060787652064972185
32624.wav,1.1122902494331066,0.9623674843460321,0.3879148658566419,0.4898866213151927,120.76658699568361,0.21745972967968893,0.0427671084789256,0.05690518804680483,-0.031131560157028827,0.06582810887157577
32652.wav,0.9099773242630386,2.713354006409645,0.09798155993022677,0.34303854875283446,296.4897115919739,0.05744315177154945,0.02888168973886679,0.060918665609275405,-0.02904349769008501,0.0743603347537693
32969.wav,0.6830385487528344,2.03539730142802,0.2121373082796627,0.31541950113378686,709.8492341842502,0.06901509705248023,0.0801347819672942,0.15306002675572106,-0.0816484440041151,0.1689336741799836
32975.wav,1.1291156462585035,2.453732255846262,0.5297827047435434,0.39179138321995466,112.56104020867497,0.1904155573561755,0.0385076427699937,0.061078270856393016,-0.024453208850214656,0.05869386369652212
33071.wav,0.7118367346938775,3.099679416976869,0.1711901121304791,0.3330612244897959,769.8866634517908,0.04153050108932462,0.0789961233646912,0.14820565248065276,-0.08423330086054505,0.18038859711828553
33097.wav,0.9324036281179139,3.3360087517648935,0.08183564775407962,0.37360544217687075,1002.8785531679168,0.08436513716921583,0.055598945681894066,0.11295067096737631,-0.05759237872276851,0.12683657169350532
33451.wav,1.0824489795918368,0.7109509743750095,0.5591168091168092,0.4268480725623583,108.6804036879912,0.18465788355291118,0.046426126894986354,0.06195578970079763,-0.024514511531517402,0.05723618637226524
33913.wav,0.8153514739229025,1.2690927693620324,0.09939650137664433,0.42063492063492064,203.9535657549277,0.0678167115902965,0.027372923324775554,0.052850162747806184,-0.027649674449567275,0.05721388739705368
33979.wav,1.0178684807256235,0.39637243933975697,0.6643200855462484,0.5610884353741497,64.78403009660542,0.07096669899773682,0.036649090910657184,0.0387555255840537,-0.021273166367856516,0.045430444436845276
34389.wav,0.7118367346938775,4.2490269765257835,0.16685779816513763,0.35628117913832197,717.6091284435242,0.041115071283095724,0.0849536413433908,0.1445310315419606,-0.0857389047870039,0.16229294793151053
34854.wav,0.7830385487528345,1.3018495570868254,0.09869106915324916,0.4879591836734694,440.44961135368794,0.06617407872113017,0.03751967876420698,0.06928580497395631,-0.04122112016285847,0.09029461012988711
35047.wav,0.612562358276644,2.002112876623869,0.10364995928037314,0.4671655328798186,528.5959488051012,0.15493641394039415,0.07688906881348721,0.11983964737078652,-0.07772256566294605,0.13616385335712627
36026.wav,0.7437868480725623,0.18606939911842346,0.08170482607237584,0.4922222222222222,243.85262336488813,0.06758188602754872,0.03128008693718158,0.05245146477264727,-0.03341910902571525,0.06508537970096588
36420.wav,0.36657596371882084,3.4251208901405334,0.19250278361994308,0.5506122448979592,724.0516449268907,0.05271394448562721,0.1098156758650821,0.11489444925642238,-0.12641089291530877,0.18038165006233758
36595.wav,1.0570521541950113,0.21327202208340168,0.7689634460271152,0.3709750566893424,115.09188917931169,0.0960880195599022,0.06110427978842016,0.06073979817376739,-0.023971596580899503,0.06376988555559499
36797.wav,0.6653968253968254,9.592453635297716,0.20413031624863687,0.39111111111111113,369.845699461177,0.23817254174397032,0.06160302686780201,0.10452666240875619,-0.06353113794598782,0.11841060613451022
37379.wav,0.5820408163265306,5.082440605387092,0.14820009350163627,0.40480725623582764,951.8883777521551,0.12289939502576742,0.102248475232231,0.1773360620009652,-0.10542421206873828,0.1876537107970272
37426.wav,0.5631292517006803,3.809983122162521,0.13642586776193927,0.5165986394557823,901.024221627973,0.04248968483890791,0.10398202508975067,0.16262016586158515,-0.10390086460572992,0.16857498606386953
37638.wav,0.8363492063492064,0.40327268838882446,0.09313233739121005,0.4856462585034014,283.7441427363083,0.07395993836671803,0.029672081277696674,0.057508071610337635,-0.030894793214251075,0.06860950672502518
37910.wav,0.5261224489795918,4.273028359748423,0.10111197310576675,0.6000453514739229,472.2477441681549,0.16363086690348425,0.07699014901531938,0.11271332653176551,-0.07545720187267184,0.11902070987510076
38035.wav,0.8582086167800453,0.9482361357659101,0.09089227679868946,0.3427891156462585,222.81480933353305,0.058741813851954754,0.025252017113581302,0.05691958207791474,-0.02597401256267705,0.06317091311303727
38971.wav,0.9389795918367347,7.3571382742375135,0.07846120408606824,0.22702947845804988,673.4844495123252,0.026068717538953255,0.04387984541820172,0.1011600061787312,-0.0451627075127404,0.11172330588454706
38993.wav,0.8947845804988662,4.362992279231548,0.10207805372529144,0.3932199546485261,712.72094994504,0.06556715299002365,0.047141161522095146,0.09178840562998183,-0.05028395811652627,0.111352130621648
39454.wav,0.7979591836734694,0.40851522888988256,0.08485365160556976,0.40303854875283446,441.18484049197286,0.028243501744120627,0.037577041530217015,0.07036383563496802,-0.04193420508433613,0.09442341754001518
39478.wav,0.3404081632653061,1.6374414591118693,0.1782573940847322,0.5767800453514739,598.1926438873634,0.06997955653404624,0.10380655944254684,0.12279737760299674,-0.10703139940609417,0.14890653853604438
39773.wav,1.2785487528344672,0.4658872243016958,0.6841657207718501,0.39328798185941044,269.1134507562965,0.0992850553505535,0.07933510598713399,0.10027074045532156,-0.03433185508322666,0.08807158970336705
40285.wav,0.518095238095238,1.9416019208729267,0.0940126050420168,0.5151927437641723,807.2689577350393,0.14322183098591548,0.09814678345999897,0.15424791136580984,-0.10120579183777152,0.16719907462395778
40388.wav,0.4914739229024943,0.7501386580988765,0.22367813970656086,0.48376417233560093,110.76469120755792,0.11802756163869879,0.042117316428195224,0.06177081874754977,-0.0412604218084529,0.07147377392900124
40810.wav,1.0497959183673469,0.20597974210977554,0.7116381544841887,0.41306122448979593,46.76966442167759,0.03458498023715415,0.030666435906021836,0.03981393140762672,-0.014923911188273504,0.04043633300368133
41813.wav,0.7192290249433106,2.168304798193276,0.14206444290308343,0.30244897959183675,704.0375081626698,0.06417753786174839,0.07690772976465622,0.15096568283280778,-0.07781885191898794,0.16833151680600666
41884.wav,0.8217233560090703,0.08977224305272102,0.6244825873392571,0.28122448979591835,94.92457321193069,0.049185615223351076,0.055729986337515025,0.0623535925283507,-0.027248815340175384,0.0690308416910825
43015.wav,0.6858956916099773,5.668033929541707,0.1892356519439302,0.39383219954648524,338.00675630941987,0.25898203592814373,0.05370517150597638,0.10581086807785438,-0.05449236393828744,0.1095761960768925
43540.wav,0.6778684807256236,2.6816575517877936,0.11373519769853482,0.2857596371882086,364.8093529706821,0.177590858593874,0.05545212019865286,0.11651636302769923,-0.055278611210372884,0.12346626186938443
43608.wav,0.7450340136054422,0.22030304372310638,0.38288288288288286,0.3114739229024943,199.50445288140327,0.09172976121141525,0.06575471385667113,0.09702242846345545,-0.04793642211020312,0.0974210441378387
44026.wav,0.5935600907029478,0.5578778935596347,0.5479064792176039,0.4397278911564626,182.32559939473867,0.10612623762376237,0.06136712641282304,0.07045911408951626,-0.0470969869549707,0.0903540409778962
44327.wav,0.4684807256235828,2.1837101886048913,0.14878993223620524,0.5764172335600907,828.1943051088601,0.14815106215578286,0.10031923184246515,0.13903870236263333,-0.11163246356337607,0.177251206713839
44550.wav,0.7773922902494331,0.621531929820776,0.08978210775019689,0.4406122448979592,279.40142937749624,0.042200607277031545,0.029930427238776848,0.05573399923274841,-0.03320656295381957,0.07444126060938473
44984.wav,0.8791383219954648,0.49462810903787613,0.08914108847046685,0.251859410430839,176.543973358348,0.030701359503016116,0.02175439910668699,0.05289857382391469,-0.02223018070422148,0.05837000966528939
45304.wav,1.0276643990929706,1.3949301708489656,0.5882171226831421,0.49324263038548755,184.03563578613102,0.16090474439132033,0.047188919501720716,0.07160952599429621,-0.03229602973478198,0.07592075328993937
45544.wav,0.7829478458049887,8.369400824420154,0.25741427247451343,0.23873015873015874,450.3838213700801,0.05205167173252279,0.05727434655997092,0.12777852524482294,-0.058079249383731206,0.1338194276735121
45718.wav,0.8151020408163265,0.5898027326911688,0.10624269737940244,0.4028798185941043,224.33916286099702,0.07463274610232454,0.027185263049792352,0.053353184596759196,-0.028551332760564853,0.06377535480353892
45844.wav,0.7833786848072563,0.3001757077872753,0.07621501143369902,0.2436281179138322,159.52355188690126,0.024664929262844377,0.022028620160178113,0.050124800980288015,-0.022552735289136865,0.0602699697898369
45907.wav,0.6416326530612245,2.9375555980950594,0.09103760248798416,0.42648526077097504,652.281511131674,0.06752445767758401,0.08033509992936097,0.1355875983880618,-0.08324016682461671,0.15572386636026958
45917.wav,0.996938775510204,0.2716714283451438,0.08033663141134993,0.22104308390022676,105.60037009976804,0.051908083709478865,0.014649304762310801,0.038254007103504545,-0.014784132636686301,0.045682065112636505
46024.wav,1.0114739229024943,1.2356277257204056,0.49101017800295926,0.30045351473922904,211.63934748247266,0.15924528301886792,0.049191305586143,0.08582294598741817,-0.03326179170906278,0.089896506816842
46292.wav,0.5797278911564626,0.3931333189830184,0.26574356567315965,0.3955102040816327,260.6687330696732,0.05045292970989566,0.09088500819961715,0.10304212599554186,-0.07318029707906537,0.11470337890877728
46334.wav,0.6521088435374149,5.479269461706281,0.21879129285763962,0.3927891156462585,852.3182675680146,0.11800023092021707,0.09123452680525529,0.15468462356167945,-0.09518445701990984,0.18371364008579594
46405.wav,0.7651700680272109,4.160999225452542,0.1462185870080607,0.2681179138321996,644.2951655359939,0.05345060893098782,0.07146207472071339,0.14376031423479985,-0.07290402018520434,0.1623904099768063
46466.wav,1.0588208616780046,0.36307388450950384,0.6579003726388829,0.5433560090702948,71.39738366752863,0.1537434270928971,0.03778687420810302,0.0407914823075467,-0.02073023047770374,0.04818983370350619
